timestamp,score,is_alert,severity
2026-04-19 11:46:39.996999979,5.8204829402299065,0,low
2026-04-19 11:46:54.996999979,5.945049245921536,0,low
2026-04-19 11:47:09.996999979,4.78534873440655,0,low
2026-04-19 11:47:24.996999979,2.829960450920023,0,low
2026-04-19 11:47:39.996999979,3.2969336713451867,0,low
2026-04-19 11:47:54.996999979,3.018756018516811,0,low
2026-04-19 11:48:09.996999979,3.1800054994525664,0,low
2026-04-19 11:48:24.996999979,2.1270754919045594,0,low
2026-04-19 11:48:39.996999979,3.2803115921911727,0,low
2026-04-19 11:48:54.996999979,3.1836627531897954,0,low
2026-04-19 11:49:09.996999979,3.1835138155161995,0,low
2026-04-19 11:49:24.996999979,2.7917934371295505,0,low
2026-04-19 11:49:39.996999979,3.059986153283843,0,low
2026-04-19 11:49:54.996999979,3.1987388095327516,0,low
2026-04-19 11:50:09.996999979,3.2696295794773094,0,low
2026-04-19 11:50:24.996999979,2.673954876917114,0,low
2026-04-19 11:50:39.996999979,3.519798508794026,0,low
2026-04-19 11:50:54.996999979,3.607234985784025,0,low
2026-04-19 11:51:09.996999979,3.7883295694343504,0,low
2026-04-19 11:51:24.996999979,2.5743910635937794,0,low
2026-04-19 11:51:39.996999979,2.487977885105602,0,low
2026-04-19 11:51:54.996999979,2.3070672050038716,0,low
2026-04-19 11:52:09.996999979,2.2810933204440467,0,low
2026-04-19 11:52:24.996999979,1.8749036600637867,0,low
2026-04-19 11:52:39.996999979,2.0824055655046916,0,low
2026-04-19 11:52:54.996999979,2.635960410973518,0,low
2026-04-19 11:53:09.996999979,2.7922598569878625,0,low
2026-04-19 11:53:24.996999979,1.954423060943423,0,low
2026-04-19 11:53:39.996999979,2.0881080594272188,0,low
2026-04-19 11:53:54.996999979,2.0360057875771167,0,low
2026-04-19 11:54:09.996999979,2.1115455395936036,0,low
2026-04-19 11:54:24.996999979,1.7102706563220536,0,low
2026-04-19 11:54:39.996999979,2.400362955777937,0,low
2026-04-19 11:54:54.996999979,2.3521058059254725,0,low
2026-04-19 11:55:09.996999979,2.4413607711737515,0,low
2026-04-19 11:55:24.996999979,2.239525783298944,0,low
2026-04-19 11:55:39.996999979,3.0328301172447034,0,low
2026-04-19 11:55:54.996999979,2.9708720101906456,0,low
2026-04-19 11:56:09.996999979,3.0602113185858153,0,low
2026-04-19 11:56:24.996999979,2.6963435116692955,0,low
2026-04-19 11:56:39.996999979,3.0296795227525175,0,low
2026-04-19 11:56:54.996999979,3.2596730508894916,0,low
2026-04-19 11:57:09.996999979,3.33062173132392,0,low
2026-04-19 11:57:24.996999979,2.4918900801570745,0,low
2026-04-19 11:57:39.996999979,2.772818764775015,0,low
2026-04-19 11:57:54.996999979,2.7436991158935204,0,low
2026-04-19 11:58:09.996999979,2.875524592733663,0,low
2026-04-19 11:58:24.996999979,1.8257148784681243,0,low
2026-04-19 11:58:39.996999979,3.0735944200292686,0,low
2026-04-19 11:58:54.996999979,3.4252077298186876,0,low
2026-04-19 11:59:09.996999979,3.52983954620939,0,low
2026-04-19 11:59:24.996999979,3.1585825517767487,0,low
2026-04-19 11:59:39.996999979,3.6819907202229505,0,low
2026-04-19 11:59:54.996999979,3.6751864434462735,0,low
2026-04-19 12:00:09.996999979,3.864196703937959,0,low
2026-04-19 12:00:24.996999979,3.5408140461859667,0,low
2026-04-19 12:00:39.996999979,4.517934944373806,0,low
2026-04-19 12:00:54.996999979,4.859801533390766,0,low
2026-04-19 12:01:09.996999979,5.015903618110978,0,low
2026-04-19 12:01:24.996999979,3.8167117852602663,0,low
2026-04-19 12:01:39.996999979,3.9052781800926817,0,low
2026-04-19 12:01:54.996999979,3.4918115279090327,0,low
2026-04-19 12:02:09.996999979,3.5030717420806514,0,low
2026-04-19 12:02:24.996999979,2.9621799655475325,0,low
2026-04-19 12:02:39.996999979,3.3244098658317163,0,low
2026-04-19 12:02:54.996999979,3.221731047899436,0,low
2026-04-19 12:03:09.996999979,3.2979224324935386,0,low
2026-04-19 12:03:24.996999979,2.212829677739992,0,low
2026-04-19 12:03:39.996999979,2.0791573020233622,0,low
2026-04-19 12:03:54.996999979,2.2962625582300755,0,low
2026-04-19 12:04:09.996999979,2.4185129617106083,0,low
2026-04-19 12:04:24.996999979,1.72554066528254,0,low
2026-04-19 12:04:39.996999979,1.9061251549402707,0,low
2026-04-19 12:04:54.996999979,1.8975657465934637,0,low
2026-04-19 12:05:09.996999979,2.110771488884891,0,low
2026-04-19 12:05:24.996999979,1.6523141413768563,0,low
2026-04-19 12:05:39.996999979,2.018668640222749,0,low
2026-04-19 12:05:54.996999979,2.2139746797513795,0,low
2026-04-19 12:06:09.996999979,2.895378170323665,0,low
2026-04-19 12:06:24.996999979,3.1342421010965786,0,low
2026-04-19 12:06:39.996999979,4.1795440363991005,0,low
2026-04-19 12:06:54.996999979,5.006053243562998,0,low
2026-04-19 12:07:09.996999979,6.523976873316169,0,low
2026-04-19 12:07:24.996999979,7.708677030148741,0,low
2026-04-19 12:07:39.996999979,10.435531996798556,1,medium
2026-04-19 12:07:54.996999979,12.185643854955005,1,medium
2026-04-19 12:08:09.996999979,14.600508197176499,1,medium
2026-04-19 12:08:24.996999979,16.176662554212896,1,medium
2026-04-19 12:08:39.996999979,21.644958347326366,1,medium
2026-04-19 12:08:54.996999979,24.864341701451416,1,medium
2026-04-19 12:09:09.996999979,26.864690704202374,1,medium
2026-04-19 12:09:24.996999979,28.35517765888933,1,medium
2026-04-19 12:09:39.996999979,30.73903516017827,1,medium
2026-04-19 12:09:54.996999979,33.483540010593046,1,medium
2026-04-19 12:10:09.996999979,35.05499798117175,1,medium
2026-04-19 12:10:24.996999979,35.44349979905647,1,medium
2026-04-19 12:10:39.996999979,36.70144051913287,1,medium
2026-04-19 12:10:54.996999979,38.52984375594258,1,medium
2026-04-19 12:11:09.996999979,40.414597285880475,1,medium
2026-04-19 12:11:24.996999979,40.436550304518235,1,medium
2026-04-19 12:11:39.996999979,41.041914917887325,1,medium
2026-04-19 12:11:54.996999979,43.16471216613351,1,medium
2026-04-19 12:12:09.996999979,121.1540360277927,1,medium
2026-04-19 12:12:24.996999979,227.9611506560007,1,medium
2026-04-19 12:12:39.996999979,371.051547799616,1,medium
2026-04-19 12:12:54.996999979,554.7365835481221,1,high
2026-04-19 12:13:09.996999979,555.8177737382952,1,high
2026-04-19 12:13:24.996999979,556.6779032126027,1,high
2026-04-19 12:13:39.996999979,557.1507151827476,1,high
2026-04-19 12:13:54.996999979,558.0895880793606,1,high
2026-04-19 12:14:09.996999979,576.8736238555431,1,high
2026-04-19 12:14:24.996999979,593.690935423962,1,high
2026-04-19 12:14:39.996999979,609.9931318173301,1,critical
2026-04-19 12:14:54.996999979,634.257621625463,1,critical
2026-04-19 12:15:09.996999979,605.6872813421861,1,high
2026-04-19 12:15:24.996999979,547.5074430685945,1,medium
2026-04-19 12:15:39.996999979,459.2095648364521,1,medium
2026-04-19 12:15:54.996999979,313.1643657049315,1,medium
2026-04-19 12:16:09.996999979,310.181476925914,1,medium
2026-04-19 12:16:24.996999979,306.67387383363257,1,medium
2026-04-19 12:16:39.996999979,303.52742176887745,1,medium
2026-04-19 12:16:54.996999979,306.5742533907892,1,medium
2026-04-19 12:17:09.996999979,283.90692900707074,1,medium
2026-04-19 12:17:24.996999979,261.4071771124708,1,medium
2026-04-19 12:17:39.996999979,239.4562717761291,1,medium
2026-04-19 12:17:54.996999979,219.2785269303589,1,medium
2026-04-19 12:18:09.996999979,167.23471936256894,1,medium
2026-04-19 12:18:24.996999979,116.14841373909145,1,medium
2026-04-19 12:18:39.996999979,67.2189324233295,1,medium
2026-04-19 12:18:54.996999979,10.18195046450868,1,medium
2026-04-19 12:19:09.996999979,9.736036515414446,1,medium
2026-04-19 12:19:24.996999979,7.09310320957323,0,low
2026-04-19 12:19:39.996999979,8.548928605343525,0,low
2026-04-19 12:19:54.996999979,8.608058945213974,0,low
2026-04-19 12:20:09.996999979,8.219657379974263,0,low
2026-04-19 12:20:24.996999979,6.669941558311973,0,low
2026-04-19 12:20:39.996999979,6.239363625298611,0,low
2026-04-19 12:20:54.996999979,6.727873379753564,0,low
2026-04-19 12:21:09.996999979,7.083638155357352,0,low
2026-04-19 12:21:24.996999979,6.176115833250729,0,low
2026-04-19 12:21:39.996999979,5.9947526055352105,0,low
2026-04-19 12:21:54.996999979,5.541402763690554,0,low
2026-04-19 12:22:09.996999979,5.485000340936977,0,low
2026-04-19 12:22:24.996999979,4.239775249363508,0,low
2026-04-19 12:22:39.996999979,3.6128279558048173,0,low
2026-04-19 12:22:54.996999979,4.874613010850668,0,low
2026-04-19 12:23:09.996999979,6.206192972147164,0,low
2026-04-19 12:23:24.996999979,7.198204233627854,0,low
2026-04-19 12:23:39.996999979,9.404009304265015,0,low
2026-04-19 12:23:54.996999979,10.66711529315318,1,medium
2026-04-19 12:24:09.996999979,13.89974555440369,1,medium
2026-04-19 12:24:24.996999979,16.71263374935274,1,medium
2026-04-19 12:24:39.996999979,21.05174440030133,1,medium
2026-04-19 12:24:54.996999979,24.63916324949971,1,medium
2026-04-19 12:25:09.996999979,31.709530598761166,1,medium
2026-04-19 12:25:24.996999979,37.80667132696355,1,medium
2026-04-19 12:25:39.996999979,45.94888649552266,1,medium
2026-04-19 12:25:54.996999979,54.62398861304077,1,medium
2026-04-19 12:26:09.996999979,77.42028289827488,1,medium
2026-04-19 12:26:24.996999979,99.22670565225964,1,medium
2026-04-19 12:26:39.996999979,121.9364813239998,1,medium
2026-04-19 12:26:54.996999979,145.89281880982273,1,medium
2026-04-19 12:27:09.996999979,186.81553206890976,1,medium
2026-04-19 12:27:24.996999979,229.94319756715217,1,medium
2026-04-19 12:27:39.996999979,276.1129533423516,1,medium
2026-04-19 12:27:54.996999979,323.5977003849335,1,medium
2026-04-19 12:28:09.996999979,331.4693924952582,1,medium
2026-04-19 12:28:24.996999979,339.1655890671236,1,medium
2026-04-19 12:28:39.996999979,348.8155510995286,1,medium
2026-04-19 12:28:54.996999979,361.72995807878743,1,medium
2026-04-19 12:29:09.996999979,354.29069923333026,1,medium
2026-04-19 12:29:24.996999979,348.46662550458944,1,medium
2026-04-19 12:29:39.996999979,342.588793251726,1,medium
2026-04-19 12:29:54.996999979,338.7939602121553,1,medium
2026-04-19 12:30:09.996999979,315.0745118619646,1,medium
2026-04-19 12:30:24.996999979,289.07033401537825,1,medium
2026-04-19 12:30:39.996999979,264.8904416316517,1,medium
2026-04-19 12:30:54.996999979,232.34001667918227,1,medium
2026-04-19 12:31:09.996999979,233.47056756181536,1,medium
2026-04-19 12:31:24.996999979,233.38432458483703,1,medium
2026-04-19 12:31:39.996999979,233.32913743839285,1,medium
2026-04-19 12:31:54.996999979,233.3376684005758,1,medium
2026-04-19 12:32:09.996999979,228.24464549109703,1,medium
2026-04-19 12:32:24.996999979,214.32256703607544,1,medium
2026-04-19 12:32:39.996999979,203.0022400463432,1,medium
2026-04-19 12:32:54.996999979,190.63520540466442,1,medium
2026-04-19 12:33:09.996999979,182.5217790665162,1,medium
2026-04-19 12:33:24.996999979,174.81357179955285,1,medium
2026-04-19 12:33:39.996999979,170.45619840779023,1,medium
